{
  "model_name": "xgboost",
  "metrics": {
    "accuracy": 0.6,
    "precision": 0.6190476190476191,
    "recall": 0.6000000000000001,
    "f1": 0.5833333333333333,
    "cv_mean": 0.5508093310198573,
    "cv_std": 0.10475855008568664,
    "roc_auc": 0.62
  },
  "timestamp": "2025-11-19T10:05:56.470774"
}